currentCompany,currentDesignation,skills,applicantId,functionalArea,totalWorkExp,profile_text,preprocessed_profile_text,top_job_matches
Rams Creative Technologies Pvt Ltd,UxUi Product Designer,"{""UIUX design"","" Web design"",""Application design"",""Poster design""}",AIBV3257,Design,28.0,"Rams Creative Technologies Pvt Ltd UxUi Product Designer {, "", U, I, U, X,  , d, e, s, i, g, n, "", ,, "",  , W, e, b,  , d, e, s, i, g, n, "", ,, "", A, p, p, l, i, c, a, t, i, o, n,  , d, e, s, i, g, n, "", ,, "", P, o, s, t, e, r,  , d, e, s, i, g, n, "", } 28.0 years of experience",ram creative technology pvt ltd uxui product designer u u x e g n w e b e g n p p l c n e g n p e r e g n year experience,[246 191 247]
no,no,{ReactJS},AIAM6094,Development,0.0,"no no {, R, e, a, c, t, J, S, } 0.0 years of experience",r e c j year experience,[ 19 215  70]
Mrudul Technologies Pvt Ltd,UIUX Designer,"{""UIUX design"","" Web design"",""Application design"",""Poster design""}",AIVB5204,Design,39.0,"Mrudul Technologies Pvt Ltd UIUX Designer {, "", U, I, U, X,  , d, e, s, i, g, n, "", ,, "",  , W, e, b,  , d, e, s, i, g, n, "", ,, "", A, p, p, l, i, c, a, t, i, o, n,  , d, e, s, i, g, n, "", ,, "", P, o, s, t, e, r,  , d, e, s, i, g, n, "", } 39.0 years of experience",mrudul technology pvt ltd uiux designer u u x e g n w e b e g n p p l c n e g n p e r e g n year experience,[246 247 198]
CM Cloud Control,ASSOCIATE UX DESIGNER,"{""UIUX design"",""Web design"",""Application design"",""Poster design""}",AICS4965,Design,32.0,"CM Cloud Control ASSOCIATE UX DESIGNER {, "", U, I, U, X,  , d, e, s, i, g, n, "", ,, "", W, e, b,  , d, e, s, i, g, n, "", ,, "", A, p, p, l, i, c, a, t, i, o, n,  , d, e, s, i, g, n, "", ,, "", P, o, s, t, e, r,  , d, e, s, i, g, n, "", } 32.0 years of experience",cm cloud control associate ux designer u u x e g n w e b e g n p p l c n e g n p e r e g n year experience,[246 198 247]
Anvshn pvt ltd,UiUx Design,"{""UIUX design"",""Web design"",""Application design"",""Poster design""}",AILJ5766,Design,42.0,"Anvshn pvt ltd UiUx Design {, "", U, I, U, X,  , d, e, s, i, g, n, "", ,, "", W, e, b,  , d, e, s, i, g, n, "", ,, "", A, p, p, l, i, c, a, t, i, o, n,  , d, e, s, i, g, n, "", ,, "", P, o, s, t, e, r,  , d, e, s, i, g, n, "", } 42.0 years of experience",anvshn pvt ltd uiux design u u x e g n w e b e g n p p l c n e g n p e r e g n year experience,[296 294  49]
Kinre,UIUX Designer,"{""UIUX design"",""Web design"",""Application design"",""Poster design""}",AISP4238,Design,33.0,"Kinre UIUX Designer {, "", U, I, U, X,  , d, e, s, i, g, n, "", ,, "", W, e, b,  , d, e, s, i, g, n, "", ,, "", A, p, p, l, i, c, a, t, i, o, n,  , d, e, s, i, g, n, "", ,, "", P, o, s, t, e, r,  , d, e, s, i, g, n, "", } 33.0 years of experience",kinre uiux designer u u x e g n w e b e g n p p l c n e g n p e r e g n year experience,[246 247 198]
Techthrive Solutions pvt ltd,UiUx Design,"{""UIUX design"",""Web design"",""Application design"",""Poster design""}",AIJT2556,Design,26.0,"Techthrive Solutions pvt ltd UiUx Design {, "", U, I, U, X,  , d, e, s, i, g, n, "", ,, "", W, e, b,  , d, e, s, i, g, n, "", ,, "", A, p, p, l, i, c, a, t, i, o, n,  , d, e, s, i, g, n, "", ,, "", P, o, s, t, e, r,  , d, e, s, i, g, n, "", } 26.0 years of experience",techthrive solution pvt ltd uiux design u u x e g n w e b e g n p p l c n e g n p e r e g n year experience,[296 294 146]
NTT DATA Business Solutions Private Limited,Senior JIRA Administration,"{""Jira Administrator""}",AIHP2712,Admin,132.0,"NTT DATA Business Solutions Private Limited Senior JIRA Administration {, "", J, i, r, a,  , A, d, m, i, n, i, s, t, r, a, t, o, r, "", } 132.0 years of experience",ntt data business solution private limited senior jira administration j r n r r year experience,[107  24  53]
Fresher,Fresher,"{ACCOUNTING,""core accounts""}",AIMS1589,Accounts,0.0,"Fresher Fresher {, A, C, C, O, U, N, T, I, N, G, ,, "", c, o, r, e,  , a, c, c, o, u, n, t, s, "", } 0.0 years of experience",fresher fresher c c u n n g c r e c c u n year experience,[ 22 281 103]
InvenTech Info Solutions,Senior Software Engineer,"{""React native"",Javascript}",AIVM8935,Development,92.0,"InvenTech Info Solutions Senior Software Engineer {, "", R, e, a, c, t,  , n, a, t, i, v, e, "", ,, J, a, v, a, s, c, r, i, p, t, } 92.0 years of experience",inventech info solution senior software engineer r e c n v e j v c r p year experience,[120 262 246]
SHARPSELL,SENIOR PRODUCT DESIGNER,"{""UIUX design""}",AIVP6140,Design,84.0,"SHARPSELL SENIOR PRODUCT DESIGNER {, "", U, I, U, X,  , d, e, s, i, g, n, "", } 84.0 years of experience",sharpsell senior product designer u u x e g n year experience,[246 191 247]
GIRNARSOFT,Lead UI UX Designer,"{""UIUX design""}",AIAS5207,Design,120.0,"GIRNARSOFT Lead UI UX Designer {, "", U, I, U, X,  , d, e, s, i, g, n, "", } 120.0 years of experience",girnarsoft lead ui ux designer u u x e g n year experience,[246 306 242]
Populitech Private Limited,Lead UX Designer Product Researcher,"{""UIUX design""}",AIAK7323,Design,144.0,"Populitech Private Limited Lead UX Designer Product Researcher {, "", U, I, U, X,  , d, e, s, i, g, n, "", } 144.0 years of experience",populitech private limited lead ux designer product researcher u u x e g n year experience,[246 242 191]
Calyx,Sr UX Designer,"{""UIUX design""}",AISR5374,Design,168.0,"Calyx Sr UX Designer {, "", U, I, U, X,  , d, e, s, i, g, n, "", } 168.0 years of experience",calyx sr ux designer u u x e g n year experience,[246 247 198]
Ambab Infotech Pvt Ltd,Design Lead,"{""UIUX design""}",AIRB4315,Design,144.0,"Ambab Infotech Pvt Ltd Design Lead {, "", U, I, U, X,  , d, e, s, i, g, n, "", } 144.0 years of experience",ambab infotech pvt ltd design lead u u x e g n year experience,[296 294 201]
Motivity Labs Pvt Ltd,Sr Software engineer,"{""UIUX design""}",AIVK4951,Design,168.0,"Motivity Labs Pvt Ltd Sr Software engineer {, "", U, I, U, X,  , d, e, s, i, g, n, "", } 168.0 years of experience",motivity lab pvt ltd sr software engineer u u x e g n year experience,[120 262 164]
Infiray Software Pvt Ltd,ANGULAR DEVELOPER,{Angular},AINK4839,Development,41.0,"Infiray Software Pvt Ltd ANGULAR DEVELOPER {, A, n, g, u, l, a, r, } 41.0 years of experience",infiray software pvt ltd angular developer n g u l r year experience,[231 306 303]
Xeedo  Tech  Pvt Ltd  ,Mean stack Developer,{Angular},AISK9541,Development,51.0,"Xeedo  Tech  Pvt Ltd   Mean stack Developer {, A, n, g, u, l, a, r, } 51.0 years of experience",xeedo tech pvt ltd mean stack developer n g u l r year experience,[155 159 158]
Boston Financial Advisory,Associate,"{""General Ledger""}",AIPP4997,Accounts,48.0,"Boston Financial Advisory Associate {, "", G, e, n, e, r, a, l,  , L, e, d, g, e, r, "", } 48.0 years of experience",boston financial advisory associate g e n e r l l e g e r year experience,[219  79  32]
Atato Pvt Ltd,Sr Mobile Developer FrontEnd Developer,"{""React native"",Javascript}",AIPP7047,Development,120.0,"Atato Pvt Ltd Sr Mobile Developer FrontEnd Developer {, "", R, e, a, c, t,  , n, a, t, i, v, e, "", ,, J, a, v, a, s, c, r, i, p, t, } 120.0 years of experience",atato pvt ltd sr mobile developer frontend developer r e c n v e j v c r p year experience,[286 155 227]
VHS Consulting India Pvt Ltd,Senior Software Engineer,"{""UiPath RPA solutions"",""Orchestrator good to have"",SQL,""Agile Framework""}",AIVM2296,Developer,90.0,"VHS Consulting India Pvt Ltd Senior Software Engineer {, "", U, i, P, a, t, h,  , R, P, A,  , s, o, l, u, t, i, o, n, s, "", ,, "", O, r, c, h, e, s, t, r, a, t, o, r,  , g, o, o, d,  , t, o,  , h, a, v, e, "", ,, S, Q, L, ,, "", A, g, i, l, e,  , F, r, a, m, e, w, o, r, k, "", } 90.0 years of experience",vhs consulting india pvt ltd senior software engineer u p h r p l u n r c h e r r g h v e q l g l e f r e w r k year experience,[120  43 262]
WNS It Global solution Pvt.Ltd,Asst. Manager,"{""UiPath RPA solutions"",""Orchestrator good to have"",SQL,""Agile Framework""}",AIAK3986,Development,84.0,"WNS It Global solution Pvt.Ltd Asst. Manager {, "", U, i, P, a, t, h,  , R, P, A,  , s, o, l, u, t, i, o, n, s, "", ,, "", O, r, c, h, e, s, t, r, a, t, o, r,  , g, o, o, d,  , t, o,  , h, a, v, e, "", ,, S, Q, L, ,, "", A, g, i, l, e,  , F, r, a, m, e, w, o, r, k, "", } 84.0 years of experience",wns global solution asst manager u p h r p l u n r c h e r r g h v e q l g l e f r e w r k year experience,[129  87 189]
InciteSol Pvt Ltd,Senior Software Engineer,{Angular},AISM4831,Development,40.0,"InciteSol Pvt Ltd Senior Software Engineer {, A, n, g, u, l, a, r, } 40.0 years of experience",incitesol pvt ltd senior software engineer n g u l r year experience,[120 262 128]
Professional Freelancer,Freelancer,"{""UiPath RPA solutions"",""Orchestrator good to have"",SQL,""Agile Framework""}",AIRK2814,Development,96.0,"Professional Freelancer Freelancer {, "", U, i, P, a, t, h,  , R, P, A,  , s, o, l, u, t, i, o, n, s, "", ,, "", O, r, c, h, e, s, t, r, a, t, o, r,  , g, o, o, d,  , t, o,  , h, a, v, e, "", ,, S, Q, L, ,, "", A, g, i, l, e,  , F, r, a, m, e, w, o, r, k, "", } 96.0 years of experience",professional freelancer freelancer u p h r p l u n r c h e r r g h v e q l g l e f r e w r k year experience,[230 222 117]
Flowserve India Control Pvt Ltd,Associate,"{""General Ledger""}",AINP3853,Accounts,48.0,"Flowserve India Control Pvt Ltd Associate {, "", G, e, n, e, r, a, l,  , L, e, d, g, e, r, "", } 48.0 years of experience",flowserve india control pvt ltd associate g e n e r l l e g e r year experience,[ 43  32 298]
GOKUL INDUSTRIES,Associate,"{""General Ledger""}",AIAS6369,Accounts,48.0,"GOKUL INDUSTRIES Associate {, "", G, e, n, e, r, a, l,  , L, e, d, g, e, r, "", } 48.0 years of experience",gokul industry associate g e n e r l l e g e r year experience,[ 32 164 251]
MULTIFLO INSTRUMENTS PVT LTD,SALES AND SERVICE ENGINEER,"{Sales,""Customer Relationship Management"",""Technical Sales""}",AIDK8982,Sales,36.0,"MULTIFLO INSTRUMENTS PVT LTD SALES AND SERVICE ENGINEER {, S, a, l, e, s, ,, "", C, u, s, t, o, m, e, r,  , R, e, l, a, t, i, o, n, s, h, i, p,  , M, a, n, a, g, e, m, e, n, t, "", ,, "", T, e, c, h, n, i, c, a, l,  , S, a, l, e, s, "", } 36.0 years of experience",multiflo instrument pvt ltd sale service engineer l e c u e r r e l n h p n g e e n e c h n c l l e year experience,[244 120  49]
Roorkee lab equipments and model pvt ltd,sales and marketing engineer,"{Sales,""Customer Relationship Management"",""Technical Sales""}",AIKK5874,Sales,60.0,"Roorkee lab equipments and model pvt ltd sales and marketing engineer {, S, a, l, e, s, ,, "", C, u, s, t, o, m, e, r,  , R, e, l, a, t, i, o, n, s, h, i, p,  , M, a, n, a, g, e, m, e, n, t, "", ,, "", T, e, c, h, n, i, c, a, l,  , S, a, l, e, s, "", } 60.0 years of experience",roorkee lab equipment model pvt ltd sale marketing engineer l e c u e r r e l n h p n g e e n e c h n c l l e year experience,[244  94   5]
DishTV India,Lead Product Manager,"{""Software as a Service"",""Business to Business"",""Product Management"",""Android Software Development Kit""}",AISJ9552,Management,50.0,"DishTV India Lead Product Manager {, "", S, o, f, t, w, a, r, e,  , a, s,  , a,  , S, e, r, v, i, c, e, "", ,, "", B, u, s, i, n, e, s, s,  , t, o,  , B, u, s, i, n, e, s, s, "", ,, "", P, r, o, d, u, c, t,  , M, a, n, a, g, e, m, e, n, t, "", ,, "", A, n, d, r, o, i, d,  , S, o, f, t, w, a, r, e,  , D, e, v, e, l, o, p, m, e, n, t,  , K, i, t, "", } 50.0 years of experience",dishtv india lead product manager f w r e e r v c e b u n e b u n e p r u c n g e e n n r f w r e e v e l p e n k year experience,[191  43 242]
AADITRI Housing Pvt Ltd,Assistant Manager,"{Recruitment,Payroll,""Operations and Administration""}",AIPU1362,Development,24.0,"AADITRI Housing Pvt Ltd Assistant Manager {, R, e, c, r, u, i, t, m, e, n, t, ,, P, a, y, r, o, l, l, ,, "", O, p, e, r, a, t, i, o, n, s,  , a, n, d,  , A, d, m, i, n, i, s, t, r, a, t, i, o, n, "", } 24.0 years of experience",aaditri housing pvt ltd assistant manager r e c r u e n p r l l p e r n n n r n year experience,[ 62 129  49]
Tech Mahindra,Human Resource Associate,"{Recruitment,Payroll,""Operations and Administration""}",AINS8987,HR,36.0,"Tech Mahindra Human Resource Associate {, R, e, c, r, u, i, t, m, e, n, t, ,, P, a, y, r, o, l, l, ,, "", O, p, e, r, a, t, i, o, n, s,  , a, n, d,  , A, d, m, i, n, i, s, t, r, a, t, i, o, n, "", } 36.0 years of experience",tech mahindra human resource associate r e c r u e n p r l l p e r n n n r n year experience,[197  32 164]
Prospect Infosystem,HR Corporate Recruiter,"{Recruitment,Payroll,""Operations and Administration""}",AISS9534,HR,26.0,"Prospect Infosystem HR Corporate Recruiter {, R, e, c, r, u, i, t, m, e, n, t, ,, P, a, y, r, o, l, l, ,, "", O, p, e, r, a, t, i, o, n, s,  , a, n, d,  , A, d, m, i, n, i, s, t, r, a, t, i, o, n, "", } 26.0 years of experience",prospect infosystem hr corporate recruiter r e c r u e n p r l l p e r n n n r n year experience,[291 147  89]
MALLIKA HOSPITALS,ADMINISTRATOR,"{Recruitment,Payroll,""Operations and Administration""}",AIPD2553,HR,36.0,"MALLIKA HOSPITALS ADMINISTRATOR {, R, e, c, r, u, i, t, m, e, n, t, ,, P, a, y, r, o, l, l, ,, "", O, p, e, r, a, t, i, o, n, s,  , a, n, d,  , A, d, m, i, n, i, s, t, r, a, t, i, o, n, "", } 36.0 years of experience",mallika hospital administrator r e c r u e n p r l l p e r n n n r n year experience,[226 154  19]
Fintech,CFO Consultant,"{""Merger and Acquisition"",""Profit and Loss"",""Cash flow"",""Corporate Finance""}",AIHP2502,Finance,180.0,"Fintech CFO Consultant {, "", M, e, r, g, e, r,  , a, n, d,  , A, c, q, u, i, s, i, t, i, o, n, "", ,, "", P, r, o, f, i, t,  , a, n, d,  , L, o, s, s, "", ,, "", C, a, s, h,  , f, l, o, w, "", ,, "", C, o, r, p, o, r, a, t, e,  , F, i, n, a, n, c, e, "", } 180.0 years of experience",fintech cfo consultant e r g e r n c q u n p r f n l c h f l w c r p r e f n n c e year experience,[268 229  19]
Schreiber Foods Pvt Ltd,Head Financial Planning and Control,"{""Merger and Acquisition"",""Profit and Loss"",""Cash flow"",""Corporate Finance""}",AIKT3330,Finance,204.0,"Schreiber Foods Pvt Ltd Head Financial Planning and Control {, "", M, e, r, g, e, r,  , a, n, d,  , A, c, q, u, i, s, i, t, i, o, n, "", ,, "", P, r, o, f, i, t,  , a, n, d,  , L, o, s, s, "", ,, "", C, a, s, h,  , f, l, o, w, "", ,, "", C, o, r, p, o, r, a, t, e,  , F, i, n, a, n, c, e, "", } 204.0 years of experience",schreiber food pvt ltd head financial planning control e r g e r n c q u n p r f n l c h f l w c r p r e f n n c e year experience,[219  79  81]
SIGNATURE HOMES REAL ESTATE FIRM,TALANT ACQUISITION AND HUMAN RESOURCE MANAGER,"{""Team Management"",""Data Management"",""Stake Holder Management""}",AIPM1245,HR,77.0,"SIGNATURE HOMES REAL ESTATE FIRM TALANT ACQUISITION AND HUMAN RESOURCE MANAGER {, "", T, e, a, m,  , M, a, n, a, g, e, m, e, n, t, "", ,, "", D, a, t, a,  , M, a, n, a, g, e, m, e, n, t, "", ,, "", S, t, a, k, e,  , H, o, l, d, e, r,  , M, a, n, a, g, e, m, e, n, t, "", } 77.0 years of experience",signature home real estate firm talant acquisition human resource manager e n g e e n n g e e n k e h l e r n g e e n year experience,[197  38 129]
Mangaldeep Tech Solutions,Manager HR,"{""Team Management"",""Data Management"",""Stake Holder Management""}",AIPM1936,HR,144.0,"Mangaldeep Tech Solutions Manager HR {, "", T, e, a, m,  , M, a, n, a, g, e, m, e, n, t, "", ,, "", D, a, t, a,  , M, a, n, a, g, e, m, e, n, t, "", ,, "", S, t, a, k, e,  , H, o, l, d, e, r,  , M, a, n, a, g, e, m, e, n, t, "", } 144.0 years of experience",mangaldeep tech solution manager hr e n g e e n n g e e n k e h l e r n g e e n year experience,[147 129 248]
Fresher,Fresher,"{""Accounts Payable"",""Accounts Receivable"",""General Ledger""}",AIMH7068,Accounts,0.0,"Fresher Fresher {, "", A, c, c, o, u, n, t, s,  , P, a, y, a, b, l, e, "", ,, "", A, c, c, o, u, n, t, s,  , R, e, c, e, i, v, a, b, l, e, "", ,, "", G, e, n, e, r, a, l,  , L, e, d, g, e, r, "", } 0.0 years of experience",fresher fresher c c u n p b l e c c u n r e c e v b l e g e n e r l l e g e r year experience,[ 22 281 103]
Fresher,Fresher,"{""Accounts Payable"",""Accounts Receivable"",""General Ledger""}",AIVK9062,Accounts,0.0,"Fresher Fresher {, "", A, c, c, o, u, n, t, s,  , P, a, y, a, b, l, e, "", ,, "", A, c, c, o, u, n, t, s,  , R, e, c, e, i, v, a, b, l, e, "", ,, "", G, e, n, e, r, a, l,  , L, e, d, g, e, r, "", } 0.0 years of experience",fresher fresher c c u n p b l e c c u n r e c e v b l e g e n e r l l e g e r year experience,[ 22 281 103]
Ratna Global Pvt ltd,Software Engineer,"{""React Js""}",AILS3969,Development,29.0,"Ratna Global Pvt ltd Software Engineer {, "", R, e, a, c, t,  , J, s, "", } 29.0 years of experience",ratna global pvt ltd software engineer r e c j year experience,[120 262 246]
GMS GLOBAL Solutions,REACT JS DEVELOPER,"{""React Js""}",AISK5770,Development,51.0,"GMS GLOBAL Solutions REACT JS DEVELOPER {, "", R, e, a, c, t,  , J, s, "", } 51.0 years of experience",gm global solution react j developer r e c j year experience,[204 297 293]
Cybage Software Services Pvt Ltd,Senior Software Engineer,"{""React Js""}",AIEK8773,Development,53.0,"Cybage Software Services Pvt Ltd Senior Software Engineer {, "", R, e, a, c, t,  , J, s, "", } 53.0 years of experience",cybage software service pvt ltd senior software engineer r e c j year experience,[120 262 128]
AVR Edge networks Pvt Ltd,Senior Software Engineer,"{""React Js""}",AIPG7259,Development,48.0,"AVR Edge networks Pvt Ltd Senior Software Engineer {, "", R, e, a, c, t,  , J, s, "", } 48.0 years of experience",avr edge network pvt ltd senior software engineer r e c j year experience,[120 161 154]
LTIMindtree,cybersecurity Consultant,"{""Information Security""}",AIHR6828,Information Security,39.0,"LTIMindtree cybersecurity Consultant {, "", I, n, f, o, r, m, a, t, i, o, n,  , S, e, c, u, r, i, t, y, "", } 39.0 years of experience",ltimindtree cybersecurity consultant n f r n e c u r year experience,[268 229 255]
Heritage Foods limited,Software Development Engineer ,{NodeJS},AICM8153,Development,17.0,"Heritage Foods limited Software Development Engineer  {, N, o, d, e, J, S, } 17.0 years of experience",heritage food limited software development engineer n e j year experience,[120 262 246]
Nouveau Labs Private Ltd,Software Engineer,{NodeJS},AIAK8328,Development,18.0,"Nouveau Labs Private Ltd Software Engineer {, N, o, d, e, J, S, } 18.0 years of experience",nouveau lab private ltd software engineer n e j year experience,[120 262 246]
Solugenix,RPA Business System Analyst,"{""UiPath RPA solutions"",""Orchestrator good to have"",SQL,""Agile Framework""}",AISM9204,Developer,75.0,"Solugenix RPA Business System Analyst {, "", U, i, P, a, t, h,  , R, P, A,  , s, o, l, u, t, i, o, n, s, "", ,, "", O, r, c, h, e, s, t, r, a, t, o, r,  , g, o, o, d,  , t, o,  , h, a, v, e, "", ,, S, Q, L, ,, "", A, g, i, l, e,  , F, r, a, m, e, w, o, r, k, "", } 75.0 years of experience",solugenix rpa business system analyst u p h r p l u n r c h e r r g h v e q l g l e f r e w r k year experience,[274 145 224]
Speedbox Technology,software engineer,{NodeJS},AIPM7688,Development,41.0,"Speedbox Technology software engineer {, N, o, d, e, J, S, } 41.0 years of experience",speedbox technology software engineer n e j year experience,[120 262 198]
Infosys BPM Limited,AR and Collection Specialist,"{""Billing and Collections"",""CREDIT MANAGEMENT""}",AIAM3256,Accounts,55.0,"Infosys BPM Limited AR and Collection Specialist {, "", B, i, l, l, i, n, g,  , a, n, d,  , C, o, l, l, e, c, t, i, o, n, s, "", ,, "", C, R, E, D, I, T,  , M, A, N, A, G, E, M, E, N, T, "", } 55.0 years of experience",infosys bpm limited ar collection specialist b l l n g n c l l e c n c r e n g e e n year experience,[172  32  76]
Fresher,Fresher,"{ACCOUNTING,""core accounts""}",AILK4367,Accounts,0.0,"Fresher Fresher {, A, C, C, O, U, N, T, I, N, G, ,, "", c, o, r, e,  , a, c, c, o, u, n, t, s, "", } 0.0 years of experience",fresher fresher c c u n n g c r e c c u n year experience,[ 22 281 103]
Fresher,Fresher,"{ACCOUNTING,""core accounts""}",AISV2094,Accounts,0.0,"Fresher Fresher {, A, C, C, O, U, N, T, I, N, G, ,, "", c, o, r, e,  , a, c, c, o, u, n, t, s, "", } 0.0 years of experience",fresher fresher c c u n n g c r e c c u n year experience,[ 22 281 103]
Fresher,Fresher,"{ACCOUNTING,""core accounts""}",AIDH3479,Accounts,0.0,"Fresher Fresher {, A, C, C, O, U, N, T, I, N, G, ,, "", c, o, r, e,  , a, c, c, o, u, n, t, s, "", } 0.0 years of experience",fresher fresher c c u n n g c r e c c u n year experience,[ 22 281 103]
Deloitte India Pvt Ltd,Consultant,"{kronos,""kronos workforce timekeeper"",reporting,SQL,""Scrum Methodology""}",AIVG9764,Development,72.0,"Deloitte India Pvt Ltd Consultant {, k, r, o, n, o, s, ,, "", k, r, o, n, o, s,  , w, o, r, k, f, o, r, c, e,  , t, i, m, e, k, e, e, p, e, r, "", ,, r, e, p, o, r, t, i, n, g, ,, S, Q, L, ,, "", S, c, r, u, m,  , M, e, t, h, o, d, o, l, o, g, y, "", } 72.0 years of experience",deloitte india pvt ltd consultant k r n k r n w r k f r c e e k e e p e r r e p r n g q l c r u e h l g year experience,[ 43 268 229]
Genzeon Pvt Ltd,Senior Service Engineer,{ReactJS},AISN6600,Development,133.0,"Genzeon Pvt Ltd Senior Service Engineer {, R, e, a, c, t, J, S, } 133.0 years of experience",genzeon pvt ltd senior service engineer r e c j year experience,[120 198 262]
Infinite computer solutions Pvt Ltd,Senior Software Engineer,"{""RPA UiPath"",""Agile Framework"",SQL}",AICC6605,Development,65.0,"Infinite computer solutions Pvt Ltd Senior Software Engineer {, "", R, P, A,  , U, i, P, a, t, h, "", ,, "", A, g, i, l, e,  , F, r, a, m, e, w, o, r, k, "", ,, S, Q, L, } 65.0 years of experience",infinite computer solution pvt ltd senior software engineer r p u p h g l e f r e w r k q l year experience,[120 262 198]
Via cutsomers,Sr Software Engineer,{ReactJS},AIAA6688,Development,86.0,"Via cutsomers Sr Software Engineer {, R, e, a, c, t, J, S, } 86.0 years of experience",via cutsomers sr software engineer r e c j year experience,[120 262 164]
EXL Service,ASSISTANT MANAGER,"{GL,""General Ledger""}",AIFV6485,Accounts,46.0,"EXL Service ASSISTANT MANAGER {, G, L, ,, "", G, e, n, e, r, a, l,  , L, e, d, g, e, r, "", } 46.0 years of experience",exl service assistant manager g l g e n e r l l e g e r year experience,[ 62 129 288]
WinWire Technologies India Pvt Ltd,Senior Software Design Engineer,{Angular},AIPK1059,Development,45.0,"WinWire Technologies India Pvt Ltd Senior Software Design Engineer {, A, n, g, u, l, a, r, } 45.0 years of experience",winwire technology india pvt ltd senior software design engineer n g u l r year experience,[120  43 128]
SyrenCloud Technologies Pvt Limited ,Angular Developer ,{Angular},AIPG3821,Development,40.0,"SyrenCloud Technologies Pvt Limited  Angular Developer  {, A, n, g, u, l, a, r, } 40.0 years of experience",syrencloud technology pvt limited angular developer n g u l r year experience,[231 306 303]
Flatworld Solutions,Associate Data Scientist,"{SQL,Python,""Machine Learning"",""Natural Language Processing""}",AIPB5094,IT,41.0,"Flatworld Solutions Associate Data Scientist {, S, Q, L, ,, P, y, t, h, o, n, ,, "", M, a, c, h, i, n, e,  , L, e, a, r, n, i, n, g, "", ,, "", N, a, t, u, r, a, l,  , L, a, n, g, u, a, g, e,  , P, r, o, c, e, s, s, i, n, g, "", } 41.0 years of experience",flatworld solution associate data scientist q l p h n c h n e l e r n n g n u r l l n g u g e p r c e n g year experience,[53 32 45]
The Math Company,Senior Associate,"{SQL,Python,""Machine Learning"",""Natural Language Processing""}",AIMG3725,IT,48.0,"The Math Company Senior Associate {, S, Q, L, ,, P, y, t, h, o, n, ,, "", M, a, c, h, i, n, e,  , L, e, a, r, n, i, n, g, "", ,, "", N, a, t, u, r, a, l,  , L, a, n, g, u, a, g, e,  , P, r, o, c, e, s, s, i, n, g, "", } 48.0 years of experience",math company senior associate q l p h n c h n e l e r n n g n u r l l n g u g e p r c e n g year experience,[ 32 164 128]
Fresher,Fresher,"{""Accounts Payable"",""Accounts Receivable"",""General Ledger""}",AIAN4793,Accounts,0.0,"Fresher Fresher {, "", A, c, c, o, u, n, t, s,  , P, a, y, a, b, l, e, "", ,, "", A, c, c, o, u, n, t, s,  , R, e, c, e, i, v, a, b, l, e, "", ,, "", G, e, n, e, r, a, l,  , L, e, d, g, e, r, "", } 0.0 years of experience",fresher fresher c c u n p b l e c c u n r e c e v b l e g e n e r l l e g e r year experience,[ 22 281 103]
DXC TECHNOLOGY,Security Analyst,"{""Information Security""}",AISV2863,Information Security,41.0,"DXC TECHNOLOGY Security Analyst {, "", I, n, f, o, r, m, a, t, i, o, n,  , S, e, c, u, r, i, t, y, "", } 41.0 years of experience",dxc technology security analyst n f r n e c u r year experience,[255 155 105]
WNS Global Services SA,Data Scientist,"{SQL,Python,""Machine Learning"",""Natural Language Processing""}",AINS6506,IT,72.0,"WNS Global Services SA Data Scientist {, S, Q, L, ,, P, y, t, h, o, n, ,, "", M, a, c, h, i, n, e,  , L, e, a, r, n, i, n, g, "", ,, "", N, a, t, u, r, a, l,  , L, a, n, g, u, a, g, e,  , P, r, o, c, e, s, s, i, n, g, "", } 72.0 years of experience",wns global service sa data scientist q l p h n c h n e l e r n n g n u r l l n g u g e p r c e n g year experience,[ 53  39 183]
Tech Mahindra,Associate Data Scientist,"{SQL,Python,""Machine Learning"",""Natural Language Processing""}",AIAT5908,IT,44.0,"Tech Mahindra Associate Data Scientist {, S, Q, L, ,, P, y, t, h, o, n, ,, "", M, a, c, h, i, n, e,  , L, e, a, r, n, i, n, g, "", ,, "", N, a, t, u, r, a, l,  , L, a, n, g, u, a, g, e,  , P, r, o, c, e, s, s, i, n, g, "", } 44.0 years of experience",tech mahindra associate data scientist q l p h n c h n e l e r n n g n u r l l n g u g e p r c e n g year experience,[32 53 45]
SequelOne Solutions Private Limited,AI ML Developer,"{SQL,Python,""Machine Learning"",""Natural Language Processing""}",AIPP9048,IT,41.0,"SequelOne Solutions Private Limited AI ML Developer {, S, Q, L, ,, P, y, t, h, o, n, ,, "", M, a, c, h, i, n, e,  , L, e, a, r, n, i, n, g, "", ,, "", N, a, t, u, r, a, l,  , L, a, n, g, u, a, g, e,  , P, r, o, c, e, s, s, i, n, g, "", } 41.0 years of experience",sequelone solution private limited ai ml developer q l p h n c h n e l e r n n g n u r l l n g u g e p r c e n g year experience,[ 20  53 246]
NAV Backoffice IT Solutions Pvt Ltd,Associate,"{GL,""General Ledger""}",AINV7263,Accounts,48.0,"NAV Backoffice IT Solutions Pvt Ltd Associate {, G, L, ,, "", G, e, n, e, r, a, l,  , L, e, d, g, e, r, "", } 48.0 years of experience",nav backoffice solution pvt ltd associate g l g e n e r l l e g e r year experience,[ 32 164  49]
Narayan Kumar Infrastructure Private Limited,Senior Accountant,"{GL,""General Ledger""}",AIVS3952,Accounts,48.0,"Narayan Kumar Infrastructure Private Limited Senior Accountant {, G, L, ,, "", G, e, n, e, r, a, l,  , L, e, d, g, e, r, "", } 48.0 years of experience",narayan kumar infrastructure private limited senior accountant g l g e n e r l l e g e r year experience,[161  17 128]
Compact India Solution Private Limited,Data Scientist,"{SQL,Python,""Machine Learning"",""Natural Language Processing""}",AIPN8755,IT,39.0,"Compact India Solution Private Limited Data Scientist {, S, Q, L, ,, P, y, t, h, o, n, ,, "", M, a, c, h, i, n, e,  , L, e, a, r, n, i, n, g, "", ,, "", N, a, t, u, r, a, l,  , L, a, n, g, u, a, g, e,  , P, r, o, c, e, s, s, i, n, g, "", } 39.0 years of experience",compact india solution private limited data scientist q l p h n c h n e l e r n n g n u r l l n g u g e p r c e n g year experience,[43 53 41]
ACCENTURE,Software Test Engineer,"{""QA automation"",Java}",AIDM2007,Tester,62.0,"ACCENTURE Software Test Engineer {, "", Q, A,  , a, u, t, o, m, a, t, i, o, n, "", ,, J, a, v, a, } 62.0 years of experience",accenture software test engineer q u n j v year experience,[120 194 198]
BRIDGELINE DIGITAL PRIVATE LIMITED,Automation Engineer,"{""QA automation"",Java}",AIVM4426,Tester,48.0,"BRIDGELINE DIGITAL PRIVATE LIMITED Automation Engineer {, "", Q, A,  , a, u, t, o, m, a, t, i, o, n, "", ,, J, a, v, a, } 48.0 years of experience",bridgeline digital private limited automation engineer q u n j v year experience,[120  27 197]
Virtusa Consulting Services Pvt Ltd,Senior Consultant,{Angular},AIAK5550,Development,111.0,"Virtusa Consulting Services Pvt Ltd Senior Consultant {, A, n, g, u, l, a, r, } 111.0 years of experience",virtusa consulting service pvt ltd senior consultant n g u l r year experience,[157 268 288]
New era,Senior Test engineer,"{""QA automation"",Java}",AIRR1098,Tester,62.0,"New era Senior Test engineer {, "", Q, A,  , a, u, t, o, m, a, t, i, o, n, "", ,, J, a, v, a, } 62.0 years of experience",new era senior test engineer q u n j v year experience,[120 198 194]
Capgemini Technology Services India Ltd,Senior Associate QC,"{""QA automation"",Java}",AIAN6747,Tester,65.0,"Capgemini Technology Services India Ltd Senior Associate QC {, "", Q, A,  , a, u, t, o, m, a, t, i, o, n, "", ,, J, a, v, a, } 65.0 years of experience",capgemini technology service india ltd senior associate qc q u n j v year experience,[ 43  32 191]
Simply Vyapar Apps Pvt Ltd,Inside Sales Partner,"{Sales,""Inside Sales"",""IT Sales""}",AIJR4298,Sales,72.0,"Simply Vyapar Apps Pvt Ltd Inside Sales Partner {, S, a, l, e, s, ,, "", I, n, s, i, d, e,  , S, a, l, e, s, "", ,, "", I, T,  , S, a, l, e, s, "", } 72.0 years of experience",simply vyapar apps pvt ltd inside sale partner l e n e l e l e year experience,[ 98 102 164]
Fresher,fresher,"{""Accounts Payable"",""Accounts Receivable"",""General Ledger""}",AIKS1875,Accounts,0.0,"Fresher fresher {, "", A, c, c, o, u, n, t, s,  , P, a, y, a, b, l, e, "", ,, "", A, c, c, o, u, n, t, s,  , R, e, c, e, i, v, a, b, l, e, "", ,, "", G, e, n, e, r, a, l,  , L, e, d, g, e, r, "", } 0.0 years of experience",fresher fresher c c u n p b l e c c u n r e c e v b l e g e n e r l l e g e r year experience,[ 22 281 103]
Infotel India Pvt Ltd,Software Testing,"{""QA automation"",Java}",AIRT3033,Tester,68.0,"Infotel India Pvt Ltd Software Testing {, "", Q, A,  , a, u, t, o, m, a, t, i, o, n, "", ,, J, a, v, a, } 68.0 years of experience",infotel india pvt ltd software testing q u n j v year experience,[ 43 199 231]
Zen InfoSolutions,Software Engineer,"{""React Js""}",AIRP1942,Development,42.0,"Zen InfoSolutions Software Engineer {, "", R, e, a, c, t,  , J, s, "", } 42.0 years of experience",zen infosolutions software engineer r e c j year experience,[120 262 246]
Srikaalika Technologies,React Js Developer,"{""React Js""}",AIHT4707,Development,66.0,"Srikaalika Technologies React Js Developer {, "", R, e, a, c, t,  , J, s, "", } 66.0 years of experience",srikaalika technology react j developer r e c j year experience,[204 297 293]
Expleo Solution Limited,Software Engineer,"{Java,""spring boot"",webservices,microservices}",AISH4300,Development,39.0,"Expleo Solution Limited Software Engineer {, J, a, v, a, ,, "", s, p, r, i, n, g,  , b, o, o, t, "", ,, w, e, b, s, e, r, v, i, c, e, s, ,, m, i, c, r, o, s, e, r, v, i, c, e, s, } 39.0 years of experience",expleo solution limited software engineer j v p r n g b w e b e r v c e c r e r v c e year experience,[120 262 246]
PROTONSHUB TECHNOLOGIES,React JS Developer,"{""React Js""}",AISK8688,Development,36.0,"PROTONSHUB TECHNOLOGIES React JS Developer {, "", R, e, a, c, t,  , J, s, "", } 36.0 years of experience",protonshub technology react j developer r e c j year experience,[204 297 293]
Tata Consultancy Services,Java Developer,"{Java,""spring boot"",webservices,microservices}",AIMT5732,Development,45.0,"Tata Consultancy Services Java Developer {, J, a, v, a, ,, "", s, p, r, i, n, g,  , b, o, o, t, "", ,, w, e, b, s, e, r, v, i, c, e, s, ,, m, i, c, r, o, s, e, r, v, i, c, e, s, } 45.0 years of experience",tata consultancy service java developer j v p r n g b w e b e r v c e c r e r v c e year experience,[128 246 306]
KPMG Global Delivery Centre,Senior Audit Associate,"{R2R,""GENERAL LEDGER""}",AISA3269,Accounts,48.0,"KPMG Global Delivery Centre Senior Audit Associate {, R, 2, R, ,, "", G, E, N, E, R, A, L,  , L, E, D, G, E, R, "", } 48.0 years of experience",kpmg global delivery centre senior audit associate r r g e n e r l l e g e r year experience,[ 32 225 164]
Tata Consultancy Services,System Engineer (java developer),"{Java,""spring boot"",webservices,microservices}",AIPG9503,Development,41.0,"Tata Consultancy Services System Engineer (java developer) {, J, a, v, a, ,, "", s, p, r, i, n, g,  , b, o, o, t, "", ,, w, e, b, s, e, r, v, i, c, e, s, ,, m, i, c, r, o, s, e, r, v, i, c, e, s, } 41.0 years of experience",tata consultancy service system engineer java developer j v p r n g b w e b e r v c e c r e r v c e year experience,[120 246 123]
ECOSMOB TECHNOLOGIES PVT LTD,Software Engineer,"{""React Js""}",AIAD9940,Development,39.0,"ECOSMOB TECHNOLOGIES PVT LTD Software Engineer {, "", R, e, a, c, t,  , J, s, "", } 39.0 years of experience",ecosmob technology pvt ltd software engineer r e c j year experience,[120 262 198]
Happiest Minds Technologies Ltd,Data Scientist,"{SQL,Python,""Machine Learning"",""Natural Language Processing""}",AIPJ2542,IT,54.0,"Happiest Minds Technologies Ltd Data Scientist {, S, Q, L, ,, P, y, t, h, o, n, ,, "", M, a, c, h, i, n, e,  , L, e, a, r, n, i, n, g, "", ,, "", N, a, t, u, r, a, l,  , L, a, n, g, u, a, g, e,  , P, r, o, c, e, s, s, i, n, g, "", } 54.0 years of experience",happiest mind technology ltd data scientist q l p h n c h n e l e r n n g n u r l l n g u g e p r c e n g year experience,[273  53  45]
eNest Technologies,Software Developer,"{""React native"",Typescript}",AISS7690,Development,60.0,"eNest Technologies Software Developer {, "", R, e, a, c, t,  , n, a, t, i, v, e, "", ,, T, y, p, e, s, c, r, i, p, t, } 60.0 years of experience",enest technology software developer r e c n v e p e c r p year experience,[155 159 158]
Compunnel Digital,Sr React Native Developer,"{""React native"",Typescript}",AIRD5750,Development,60.0,"Compunnel Digital Sr React Native Developer {, "", R, e, a, c, t,  , n, a, t, i, v, e, "", ,, T, y, p, e, s, c, r, i, p, t, } 60.0 years of experience",compunnel digital sr react native developer r e c n v e p e c r p year experience,[212  64 210]
IBM India Pvt. Ltd,Senior Practitioner,"{GL,""General Ledger""}",AIBP4865,Accounts,66.0,"IBM India Pvt. Ltd Senior Practitioner {, G, L, ,, "", G, e, n, e, r, a, l,  , L, e, d, g, e, r, "", } 66.0 years of experience",ibm india pvt ltd senior practitioner g l g e n e r l l e g e r year experience,[43 26 49]
Agarwal Gupta and Arora,Partner,"{""Financial Planning and Analysis"",""General Accounting""}",AIRA8941,Accounts and Finance,72.0,"Agarwal Gupta and Arora Partner {, "", F, i, n, a, n, c, i, a, l,  , P, l, a, n, n, i, n, g,  , a, n, d,  , A, n, a, l, y, s, i, s, "", ,, "", G, e, n, e, r, a, l,  , A, c, c, o, u, n, t, i, n, g, "", } 72.0 years of experience",agarwal gupta arora partner f n n c l p l n n n g n n l g e n e r l c c u n n g year experience,[ 91 248 179]
Halliburton Development Center India,Payroll and Accounting Team Lead,"{""USA Canada and APAC payroll"",""Ensure payroll compliance"",""Strong leadership and supervisory skills"",""problem solving skills""}",AIAN3966,Payroll,156.0,"Halliburton Development Center India Payroll and Accounting Team Lead {, "", U, S, A,  , C, a, n, a, d, a,  , a, n, d,  , A, P, A, C,  , p, a, y, r, o, l, l, "", ,, "", E, n, s, u, r, e,  , p, a, y, r, o, l, l,  , c, o, m, p, l, i, a, n, c, e, "", ,, "", S, t, r, o, n, g,  , l, e, a, d, e, r, s, h, i, p,  , a, n, d,  , s, u, p, e, r, v, i, s, o, r, y,  , s, k, i, l, l, s, "", ,, "", p, r, o, b, l, e, m,  , s, o, l, v, i, n, g,  , s, k, i, l, l, s, "", } 156.0 years of experience",halliburton development center india payroll accounting team lead u c n n p c p r l l e n u r e p r l l c p l n c e r n g l e e r h p n u p e r v r k l l p r b l e l v n g k l l year experience,[ 87  22 301]
Tech Mahindra Ltd,Software Engineer,"{""Azure Devops""}",AIHM7283,Development,40.0,"Tech Mahindra Ltd Software Engineer {, "", A, z, u, r, e,  , D, e, v, o, p, s, "", } 40.0 years of experience",tech mahindra ltd software engineer z u r e e v p year experience,[120 262 246]
App Boxer,Software Engineer,"{""React native"",Typescript}",AISP8189,Development,38.0,"App Boxer Software Engineer {, "", R, e, a, c, t,  , n, a, t, i, v, e, "", ,, T, y, p, e, s, c, r, i, p, t, } 38.0 years of experience",app boxer software engineer r e c n v e p e c r p year experience,[120 262  78]
WIPRO Ltd,ASSOCIATE MANAGER,"{""USA Canada and APAC payroll"",""Ensure payroll compliance"",""Strong leadership and supervisory skills"",""problem solving skills""}",AIAS2932,Payroll,132.0,"WIPRO Ltd ASSOCIATE MANAGER {, "", U, S, A,  , C, a, n, a, d, a,  , a, n, d,  , A, P, A, C,  , p, a, y, r, o, l, l, "", ,, "", E, n, s, u, r, e,  , p, a, y, r, o, l, l,  , c, o, m, p, l, i, a, n, c, e, "", ,, "", S, t, r, o, n, g,  , l, e, a, d, e, r, s, h, i, p,  , a, n, d,  , s, u, p, e, r, v, i, s, o, r, y,  , s, k, i, l, l, s, "", ,, "", p, r, o, b, l, e, m,  , s, o, l, v, i, n, g,  , s, k, i, l, l, s, "", } 132.0 years of experience",wipro ltd associate manager u c n n p c p r l l e n u r e p r l l c p l n c e r n g l e e r h p n u p e r v r k l l p r b l e l v n g k l l year experience,[ 32 129 191]
IBM India Pvt Ltd,Sr Executive,"{GL,""General Ledger""}",AIGS9579,Accounts,72.0,"IBM India Pvt Ltd Sr Executive {, G, L, ,, "", G, e, n, e, r, a, l,  , L, e, d, g, e, r, "", } 72.0 years of experience",ibm india pvt ltd sr executive g l g e n e r l l e g e r year experience,[ 26  43 164]
Singularity AIX,Senior Software Engineer,"{Java,""spring boot"",webservices,microservices}",AISH9974,Development,60.0,"Singularity AIX Senior Software Engineer {, J, a, v, a, ,, "", s, p, r, i, n, g,  , b, o, o, t, "", ,, w, e, b, s, e, r, v, i, c, e, s, ,, m, i, c, r, o, s, e, r, v, i, c, e, s, } 60.0 years of experience",singularity aix senior software engineer j v p r n g b w e b e r v c e c r e r v c e year experience,[120 263 262]
Infosys,React Native Developer,"{""React native"",Typescript}",AIVS9023,Development,66.0,"Infosys React Native Developer {, "", R, e, a, c, t,  , n, a, t, i, v, e, "", ,, T, y, p, e, s, c, r, i, p, t, } 66.0 years of experience",infosys react native developer r e c n v e p e c r p year experience,[212  64 210]
TCS,Software engineer,"{Java,""spring boot"",webservices,microservices}",AISB4308,Development,34.0,"TCS Software engineer {, J, a, v, a, ,, "", s, p, r, i, n, g,  , b, o, o, t, "", ,, w, e, b, s, e, r, v, i, c, e, s, ,, m, i, c, r, o, s, e, r, v, i, c, e, s, } 34.0 years of experience",tc software engineer j v p r n g b w e b e r v c e c r e r v c e year experience,[120 262 246]
Dcube Datasciences LLP,Lead Engineer,"{""Sql DBA"","" OOPS"",""DATA STRUCTURE""}",AIMB4197,Administration,110.0,"Dcube Datasciences LLP Lead Engineer {, "", S, q, l,  , D, B, A, "", ,, "",  , O, O, P, S, "", ,, "", D, A, T, A,  , S, T, R, U, C, T, U, R, E, "", } 110.0 years of experience",dcube datasciences llp lead engineer q l b p r u c u r e year experience,[120 142 201]
Photon Interactive Pvt Ltd,Software Engineer,"{""React native"",Typescript}",AIMF9092,Development,84.0,"Photon Interactive Pvt Ltd Software Engineer {, "", R, e, a, c, t,  , n, a, t, i, v, e, "", ,, T, y, p, e, s, c, r, i, p, t, } 84.0 years of experience",photon interactive pvt ltd software engineer r e c n v e p e c r p year experience,[120 262 278]
Maropost,Salesforce Admin,"{""Salesforce Admin"",""Salesforce CPQ""}",AINT9983,Admin,60.0,"Maropost Salesforce Admin {, "", S, a, l, e, s, f, o, r, c, e,  , A, d, m, i, n, "", ,, "", S, a, l, e, s, f, o, r, c, e,  , C, P, Q, "", } 60.0 years of experience",maropost salesforce admin l e f r c e n l e f r c e c p q year experience,[226 114 112]
Infinite Computer Solutions,Java Developer,"{Java,""spring boot"",webservices,microservices}",AIMH1155,Development,32.0,"Infinite Computer Solutions Java Developer {, J, a, v, a, ,, "", s, p, r, i, n, g,  , b, o, o, t, "", ,, w, e, b, s, e, r, v, i, c, e, s, ,, m, i, c, r, o, s, e, r, v, i, c, e, s, } 32.0 years of experience",infinite computer solution java developer j v p r n g b w e b e r v c e c r e r v c e year experience,[246 123 128]
UJR Technologies,Java Developer,"{Java,""spring boot"",webservices,microservices}",AINM3549,Development,51.0,"UJR Technologies Java Developer {, J, a, v, a, ,, "", s, p, r, i, n, g,  , b, o, o, t, "", ,, w, e, b, s, e, r, v, i, c, e, s, ,, m, i, c, r, o, s, e, r, v, i, c, e, s, } 51.0 years of experience",ujr technology java developer j v p r n g b w e b e r v c e c r e r v c e year experience,[105 155 128]
Infomania Technology Solutions Pvt Ltd,Process Specialist,"{GL,""General Ledger""}",AIHK9907,Accounts,65.0,"Infomania Technology Solutions Pvt Ltd Process Specialist {, G, L, ,, "", G, e, n, e, r, a, l,  , L, e, d, g, e, r, "", } 65.0 years of experience",infomania technology solution pvt ltd process specialist g l g e n e r l l e g e r year experience,[ 49 169  53]
Nexus Technoware Solution Private Limited,SOFTWARE ENGINEER,"{Angular,""Rest API""}",AISD5317,Development,48.0,"Nexus Technoware Solution Private Limited SOFTWARE ENGINEER {, A, n, g, u, l, a, r, ,, "", R, e, s, t,  , A, P, I, "", } 48.0 years of experience",nexus technoware solution private limited software engineer n g u l r r e p year experience,[120 262  41]
MITS,SOFTWARE ENGINEER,"{Angular,""Rest API""}",AIMM3122,Development,51.0,"MITS SOFTWARE ENGINEER {, A, n, g, u, l, a, r, ,, "", R, e, s, t,  , A, P, I, "", } 51.0 years of experience",mit software engineer n g u l r r e p year experience,[120 262 246]
Fresher,fresher,{react},AIDD5320,Development,0.0,"Fresher fresher {, r, e, a, c, t, } 0.0 years of experience",fresher fresher r e c year experience,[ 22 281 103]
NEC Corporation India Pvt Ltd,DevOps Engineer,"{Devops,AWS,Azure}",AIAM1036,Development,49.0,"NEC Corporation India Pvt Ltd DevOps Engineer {, D, e, v, o, p, s, ,, A, W, S, ,, A, z, u, r, e, } 49.0 years of experience",nec corporation india pvt ltd devops engineer e v p w z u r e year experience,[ 43 120 262]
SAM INFRATECH PRIVATE LIMITED,DevOps Engineer,"{Devops,"" AWS"",Azure}",AINM2118,Development,50.0,"SAM INFRATECH PRIVATE LIMITED DevOps Engineer {, D, e, v, o, p, s, ,, "",  , A, W, S, "", ,, A, z, u, r, e, } 50.0 years of experience",sam infratech private limited devops engineer e v p w z u r e year experience,[220 120 262]
Sreenivasan Software Soltuions Pvt Ltd,Angular Developer,"{Angular,""Rest API""}",AIVP6714,Development,36.0,"Sreenivasan Software Soltuions Pvt Ltd Angular Developer {, A, n, g, u, l, a, r, ,, "", R, e, s, t,  , A, P, I, "", } 36.0 years of experience",sreenivasan software soltuions pvt ltd angular developer n g u l r r e p year experience,[231 306 303]
Thales,Software Engineer,"{""Dot Net"",""Asp Dot Net""}",AIAS2123,Development,43.0,"Thales Software Engineer {, "", D, o, t,  , N, e, t, "", ,, "", A, s, p,  , D, o, t,  , N, e, t, "", } 43.0 years of experience",thales software engineer n e p n e year experience,[120 262 246]
Fresher,Fresher,"{""Accounts Payable"",""Accounts Receivable"",""General Ledger""}",AIDK7733,Accounts,0.0,"Fresher Fresher {, "", A, c, c, o, u, n, t, s,  , P, a, y, a, b, l, e, "", ,, "", A, c, c, o, u, n, t, s,  , R, e, c, e, i, v, a, b, l, e, "", ,, "", G, e, n, e, r, a, l,  , L, e, d, g, e, r, "", } 0.0 years of experience",fresher fresher c c u n p b l e c c u n r e c e v b l e g e n e r l l e g e r year experience,[ 22 281 103]
Fresher,Fresher,"{""Accounts Payable"",""Accounts Receivable"",""General Ledger""}",AIDR9633,Accounts,0.0,"Fresher Fresher {, "", A, c, c, o, u, n, t, s,  , P, a, y, a, b, l, e, "", ,, "", A, c, c, o, u, n, t, s,  , R, e, c, e, i, v, a, b, l, e, "", ,, "", G, e, n, e, r, a, l,  , L, e, d, g, e, r, "", } 0.0 years of experience",fresher fresher c c u n p b l e c c u n r e c e v b l e g e n e r l l e g e r year experience,[ 22 281 103]
zOrder Technologies Pvt Ltd,Junior Full Stack Developer,"{""Dot Net"",""Asp Dot Net""}",AIDJ3863,Development,31.0,"zOrder Technologies Pvt Ltd Junior Full Stack Developer {, "", D, o, t,  , N, e, t, "", ,, "", A, s, p,  , D, o, t,  , N, e, t, "", } 31.0 years of experience",zorder technology pvt ltd junior full stack developer n e p n e year experience,[155  80  83]
ITC Infotech India Limited,Manager,"{""Salesforce CPQ"",""Qoute to cash"",""order mangement"",""PM Techniques""}",AISP3055,Salesforce,96.0,"ITC Infotech India Limited Manager {, "", S, a, l, e, s, f, o, r, c, e,  , C, P, Q, "", ,, "", Q, o, u, t, e,  , t, o,  , c, a, s, h, "", ,, "", o, r, d, e, r,  , m, a, n, g, e, m, e, n, t, "", ,, "", P, M,  , T, e, c, h, n, i, q, u, e, s, "", } 96.0 years of experience",itc infotech india limited manager l e f r c e c p q q u e c h r e r n g e e n p e c h n q u e year experience,[ 43 129  62]
IBASEIT,Software Engineer,"{Java,""spring boot"",webservices,microservices}",AIIP9360,Development,45.0,"IBASEIT Software Engineer {, J, a, v, a, ,, "", s, p, r, i, n, g,  , b, o, o, t, "", ,, w, e, b, s, e, r, v, i, c, e, s, ,, m, i, c, r, o, s, e, r, v, i, c, e, s, } 45.0 years of experience",ibaseit software engineer j v p r n g b w e b e r v c e c r e r v c e year experience,[120 262 246]
Accenture Solutions Private Limited,SF Application Specialist CPQ,"{""Salesforce CPQ"",""Qoute to cash"",""order mangement"",""PM Techniques""}",AISC9935,Salesforce,96.0,"Accenture Solutions Private Limited SF Application Specialist CPQ {, "", S, a, l, e, s, f, o, r, c, e,  , C, P, Q, "", ,, "", Q, o, u, t, e,  , t, o,  , c, a, s, h, "", ,, "", o, r, d, e, r,  , m, a, n, g, e, m, e, n, t, "", ,, "", P, M,  , T, e, c, h, n, i, q, u, e, s, "", } 96.0 years of experience",accenture solution private limited sf application specialist cpq l e f r c e c p q q u e c h r e r n g e e n p e c h n q u e year experience,[226 227 238]
SenSen ai,Java Developer,"{Java,""spring boot"",webservices,microservices}",AIJR7440,Development,36.0,"SenSen ai Java Developer {, J, a, v, a, ,, "", s, p, r, i, n, g,  , b, o, o, t, "", ,, w, e, b, s, e, r, v, i, c, e, s, ,, m, i, c, r, o, s, e, r, v, i, c, e, s, } 36.0 years of experience",sensen ai java developer j v p r n g b w e b e r v c e c r e r v c e year experience,[128 246 306]
Adonai Digitals,Digital Marketing Executive and Content Writer,"{""content writing"",""digital marketing agency experience""}",AISC2076,Copy writer,24.0,"Adonai Digitals Digital Marketing Executive and Content Writer {, "", c, o, n, t, e, n, t,  , w, r, i, t, i, n, g, "", ,, "", d, i, g, i, t, a, l,  , m, a, r, k, e, t, i, n, g,  , a, g, e, n, c, y,  , e, x, p, e, r, i, e, n, c, e, "", } 24.0 years of experience",adonai digitals digital marketing executive content writer c n e n w r n g g l r k e n g g e n c e x p e r e n c e year experience,[47 27  5]
MEEN SATTI,Head of Customer Relations and Marketing Executive,"{""content writing"",""digital marketing agency experience""}",AIKV5905,Content writing,24.0,"MEEN SATTI Head of Customer Relations and Marketing Executive {, "", c, o, n, t, e, n, t,  , w, r, i, t, i, n, g, "", ,, "", d, i, g, i, t, a, l,  , m, a, r, k, e, t, i, n, g,  , a, g, e, n, c, y,  , e, x, p, e, r, i, e, n, c, e, "", } 24.0 years of experience",meen satti head customer relation marketing executive c n e n w r n g g l r k e n g g e n c e x p e r e n c e year experience,[  5 172 244]
CyberAssure Service Ltd,System Administrator and Security,"{""Information Security""}",AIPM4251,Administration,72.0,"CyberAssure Service Ltd System Administrator and Security {, "", I, n, f, o, r, m, a, t, i, o, n,  , S, e, c, u, r, i, t, y, "", } 72.0 years of experience",cyberassure service ltd system administrator security n f r n e c u r year experience,[255   3  58]
TVISHA TECHNOLOGIES,DIGITAL MARKETING SPECIALIST,"{""Account Planning profile"",""client servicing"",""online marketing tools and social media platforms""}",AISK1900,Accounts,48.0,"TVISHA TECHNOLOGIES DIGITAL MARKETING SPECIALIST {, "", A, c, c, o, u, n, t,  , P, l, a, n, n, i, n, g,  , p, r, o, f, i, l, e, "", ,, "", c, l, i, e, n, t,  , s, e, r, v, i, c, i, n, g, "", ,, "", o, n, l, i, n, e,  , m, a, r, k, e, t, i, n, g,  , t, o, o, l, s,  , a, n, d,  , s, o, c, i, a, l,  , m, e, d, i, a,  , p, l, a, t, f, o, r, m, s, "", } 48.0 years of experience",tvisha technology digital marketing specialist c c u n p l n n n g p r f l e c l e n e r v c n g n l n e r k e n g l n c l e p l f r year experience,[27  5 47]
HPE Solutions,Social Media Manager,"{""Account Planning profile"",""client servicing"",""online marketing tools and social media platforms""}",AIFA7991,Accounts,48.0,"HPE Solutions Social Media Manager {, "", A, c, c, o, u, n, t,  , P, l, a, n, n, i, n, g,  , p, r, o, f, i, l, e, "", ,, "", c, l, i, e, n, t,  , s, e, r, v, i, c, i, n, g, "", ,, "", o, n, l, i, n, e,  , m, a, r, k, e, t, i, n, g,  , t, o, o, l, s,  , a, n, d,  , s, o, c, i, a, l,  , m, e, d, i, a,  , p, l, a, t, f, o, r, m, s, "", } 48.0 years of experience",hpe solution social medium manager c c u n p l n n n g p r f l e c l e n e r v c n g n l n e r k e n g l n c l e p l f r year experience,[ 27 101   5]
Excel Geomatics Pvt Ltd,Senior Software Developer,"{""Dot Net"",""Asp Dot Net""}",AIMI5796,Development,49.0,"Excel Geomatics Pvt Ltd Senior Software Developer {, "", D, o, t,  , N, e, t, "", ,, "", A, s, p,  , D, o, t,  , N, e, t, "", } 49.0 years of experience",excel geomatics pvt ltd senior software developer n e p n e year experience,[180 265 128]
Smart Energy Water,Software Developer,"{""Dot Net"",""Asp Dot Net""}",AISK9526,Development,43.0,"Smart Energy Water Software Developer {, "", D, o, t,  , N, e, t, "", ,, "", A, s, p,  , D, o, t,  , N, e, t, "", } 43.0 years of experience",smart energy water software developer n e p n e year experience,[246 286 306]
World Phone Internet Services Pvt Ltd,Deputy Manager in Marketing,"{Sales,""Social Media Marketing"",Branding,""Digital Marketing"",""Market Analysis""}",AIAS4800,Brand management,84.0,"World Phone Internet Services Pvt Ltd Deputy Manager in Marketing {, S, a, l, e, s, ,, "", S, o, c, i, a, l,  , M, e, d, i, a,  , M, a, r, k, e, t, i, n, g, "", ,, B, r, a, n, d, i, n, g, ,, "", D, i, g, i, t, a, l,  , M, a, r, k, e, t, i, n, g, "", ,, "", M, a, r, k, e, t,  , A, n, a, l, y, s, i, s, "", } 84.0 years of experience",world phone internet service pvt ltd deputy manager marketing l e c l e r k e n g b r n n g g l r k e n g r k e n l year experience,[62 49  5]
Infomerica India Pvt Ltd,UxGraphic Designer,"{""Graphic Designer""}",AIRL8760,Designer,47.0,"Infomerica India Pvt Ltd UxGraphic Designer {, "", G, r, a, p, h, i, c,  , D, e, s, i, g, n, e, r, "", } 47.0 years of experience",infomerica india pvt ltd uxgraphic designer g r p h c e g n e r year experience,[ 43 246 247]
Quadrant Knowledge Solutions,UIUX GRAPHIC DESIGNER,"{""Graphic Designer""}",AIRL8747,Designer,39.0,"Quadrant Knowledge Solutions UIUX GRAPHIC DESIGNER {, "", G, r, a, p, h, i, c,  , D, e, s, i, g, n, e, r, "", } 39.0 years of experience",quadrant knowledge solution uiux graphic designer g r p h c e g n e r year experience,[247 246 198]
Appstec ERP solution Private Limited,Sr Executive Procurement,{PROCUREMENT},AIAS9376,PROCUREMENT,49.0,"Appstec ERP solution Private Limited Sr Executive Procurement {, P, R, O, C, U, R, E, M, E, N, T, } 49.0 years of experience",appstec erp solution private limited sr executive procurement p r c u r e e n year experience,[182 283 285]
The mosolnine Mo Solution,Graphic Designer,"{""Graphic Designer""}",AIKB4784,Designer,36.0,"The mosolnine Mo Solution Graphic Designer {, "", G, r, a, p, h, i, c,  , D, e, s, i, g, n, e, r, "", } 36.0 years of experience",mosolnine mo solution graphic designer g r p h c e g n e r year experience,[247 246 198]
Flyksoft solutions,Ui Ux Designer,"{""Graphic Designer""}",AISM4662,Designer,48.0,"Flyksoft solutions Ui Ux Designer {, "", G, r, a, p, h, i, c,  , D, e, s, i, g, n, e, r, "", } 48.0 years of experience",flyksoft solution ui ux designer g r p h c e g n e r year experience,[246 306 198]
ION Trading India Pvt Ltd,Senior Analyst at Credit Control Team,"{""Billing and Collections"",""CREDIT MANAGEMENT""}",AIPS2930,Accounts,72.0,"ION Trading India Pvt Ltd Senior Analyst at Credit Control Team {, "", B, i, l, l, i, n, g,  , a, n, d,  , C, o, l, l, e, c, t, i, o, n, s, "", ,, "", C, R, E, D, I, T,  , M, A, N, A, G, E, M, E, N, T, "", } 72.0 years of experience",ion trading india pvt ltd senior analyst credit control team b l l n g n c l l e c n c r e n g e e n year experience,[137 172  43]
METTLETECH SERVICE SOLUTIONS TECHNOLOGY,software developer,"{ReactJS,AngularJS,VueJS,NodeJS}",AICD2906,Development,53.0,"METTLETECH SERVICE SOLUTIONS TECHNOLOGY software developer {, R, e, a, c, t, J, S, ,, A, n, g, u, l, a, r, J, S, ,, V, u, e, J, S, ,, N, o, d, e, J, S, } 53.0 years of experience",mettletech service solution technology software developer r e c j n g u l r j v u e j n e j year experience,[155  58 123]
Etwoopen,Associate Software Engineer in R and D,"{ReactJS,AngularJS,VueJS,NodeJS}",AISM4631,Development,40.0,"Etwoopen Associate Software Engineer in R and D {, R, e, a, c, t, J, S, ,, A, n, g, u, l, a, r, J, S, ,, V, u, e, J, S, ,, N, o, d, e, J, S, } 40.0 years of experience",etwoopen associate software engineer r r e c j n g u l r j v u e j n e j year experience,[120  32 262]
Nippon Data Systems,R and D Engineer,"{""Dot net"",ReactJS,"" AngularJS"",NodeJS}",AIHJ4174,Development,48.0,"Nippon Data Systems R and D Engineer {, "", D, o, t,  , n, e, t, "", ,, R, e, a, c, t, J, S, ,, "",  , A, n, g, u, l, a, r, J, S, "", ,, N, o, d, e, J, S, } 48.0 years of experience",nippon data system r engineer n e r e c j n g u l r j n e j year experience,[120  53  45]
TCS,Security Analyst,"{""Information Security""}",AIMN2998,Information Security,48.0,"TCS Security Analyst {, "", I, n, f, o, r, m, a, t, i, o, n,  , S, e, c, u, r, i, t, y, "", } 48.0 years of experience",tc security analyst n f r n e c u r year experience,[255  56 240]
Coforge Pvt Ltd,Sr Software Developer,"{Java,JavaScript,Hibernate,Springboot}",AISY2729,Development,38.0,"Coforge Pvt Ltd Sr Software Developer {, J, a, v, a, ,, J, a, v, a, S, c, r, i, p, t, ,, H, i, b, e, r, n, a, t, e, ,, S, p, r, i, n, g, b, o, o, t, } 38.0 years of experience",coforge pvt ltd sr software developer j v j v c r p h b e r n e p r n g b year experience,[164 246 286]
C EDGE Technologies Limited,Assistant System Analyst,"{Java,JavaScript,Hibernate,Springboot}",AIAP2500,Development,49.0,"C EDGE Technologies Limited Assistant System Analyst {, J, a, v, a, ,, J, a, v, a, S, c, r, i, p, t, ,, H, i, b, e, r, n, a, t, e, ,, S, p, r, i, n, g, b, o, o, t, } 49.0 years of experience",c edge technology limited assistant system analyst j v j v c r p h b e r n e p r n g b year experience,[123 255 256]
AIRBUS,SENIOR TALENT ACQUISITION,"{Recruiting,""Full Cycle Recruiting""}",AISS4485,HR,84.0,"AIRBUS SENIOR TALENT ACQUISITION {, R, e, c, r, u, i, t, i, n, g, ,, "", F, u, l, l,  , C, y, c, l, e,  , R, e, c, r, u, i, t, i, n, g, "", } 84.0 years of experience",airbus senior talent acquisition r e c r u n g f u l l c c l e r e c r u n g year experience,[ 38 248 300]
Alchemy Software Solutions,Sr  IT Recruiter,"{Recruiting,""Full Cycle Recruiting""}",AISB6032,HR,56.0,"Alchemy Software Solutions Sr  IT Recruiter {, R, e, c, r, u, i, t, i, n, g, ,, "", F, u, l, l,  , C, y, c, l, e,  , R, e, c, r, u, i, t, i, n, g, "", } 56.0 years of experience",alchemy software solution sr recruiter r e c r u n g f u l l c c l e r e c r u n g year experience,[291 164 101]
Infotree Global Solution,Java Developer,"{Java,JavaScript,Hibernate,Springboot}",AISK8145,Development,46.0,"Infotree Global Solution Java Developer {, J, a, v, a, ,, J, a, v, a, S, c, r, i, p, t, ,, H, i, b, e, r, n, a, t, e, ,, S, p, r, i, n, g, b, o, o, t, } 46.0 years of experience",infotree global solution java developer j v j v c r p h b e r n e p r n g b year experience,[246 128 306]
LTIMindtree,Azure DevOps Engineer,"{""Azure Devops""}",AISA9946,Development,26.0,"LTIMindtree Azure DevOps Engineer {, "", A, z, u, r, e,  , D, e, v, o, p, s, "", } 26.0 years of experience",ltimindtree azure devops engineer z u r e e v p year experience,[120   3  19]
TestingXperts Pvt Ltd,Software Engineer,"{Java,JavaScript,Hibernate,Springboot}",AIRV8909,Development,38.0,"TestingXperts Pvt Ltd Software Engineer {, J, a, v, a, ,, J, a, v, a, S, c, r, i, p, t, ,, H, i, b, e, r, n, a, t, e, ,, S, p, r, i, n, g, b, o, o, t, } 38.0 years of experience",testingxperts pvt ltd software engineer j v j v c r p h b e r n e p r n g b year experience,[120 262 246]
Tata Consultancy Services,DevOps Engineer,"{""Azure Devops""}",AISN2058,Development,27.0,"Tata Consultancy Services DevOps Engineer {, "", A, z, u, r, e,  , D, e, v, o, p, s, "", } 27.0 years of experience",tata consultancy service devops engineer z u r e e v p year experience,[120 262  58]
Zemoso Technologies Pvt Ltd,DevOps Engineer,"{Devops,AWS,Azure}",AIVS1326,Development,68.0,"Zemoso Technologies Pvt Ltd DevOps Engineer {, D, e, v, o, p, s, ,, A, W, S, ,, A, z, u, r, e, } 68.0 years of experience",zemoso technology pvt ltd devops engineer e v p w z u r e year experience,[120 262 198]
HCL,Microsoft Azure DevOps Engineer,"{""Azure Devops""}",AIVV3855,Development,37.0,"HCL Microsoft Azure DevOps Engineer {, "", A, z, u, r, e,  , D, e, v, o, p, s, "", } 37.0 years of experience",hcl microsoft azure devops engineer z u r e e v p year experience,[120   3  19]
